Rk,Name,Age,Tm,G,PA,AB,R,H,2B,3B,HR,RBI,SB▼,CS,BB,SO,BA,OBP,SLG,OPS,OPS+,TB,GDP,HBP,SH,SF,IBB,Pos Summary,Name-additional
1,Charlie Gehringer*,26,DET,155,717,634,131,215,45,19,13,106,27,10,64,19,.339,.405,.532,.936,139,337,,6,11,,3,*4/H,gehrich01
2,Bill Cissell,25,CHW,152,666,618,83,173,27,12,5,62,25,17,28,53,.280,.312,.387,.699,80,239,,1,19,,0,*6,cissebi01
3,Bing Miller,34,PHA,147,613,556,84,184,32,16,8,93,24,10,40,25,.331,.380,.489,.869,119,272,,4,13,,1,*9/78H,millebi02
4,Jack Rothrock#,24,BOS,143,531,473,70,142,19,7,6,59,24,13,43,47,.300,.361,.408,.769,100,193,,2,13,,1,*8H/9,rothrja01
5,Roy Johnson*,26,DET,148,715,640,128,201,45,14,10,69,20,16,67,60,.314,.379,.475,.854,118,304,,0,6,,1,*789/H,johnsro02
6,Lew Fonseca,30,CLE,148,645,566,97,209,44,15,6,103,19,11,50,23,.369,.427,.532,.959,142,301,,7,20,,3,*3/H,fonsele01
7,Buddy Myer*,25,WSH,141,639,563,80,169,29,10,3,82,19,7,63,33,.300,.373,.403,.776,99,227,,2,11,,1,45/H,myerbu01
8,Carl Reynolds,26,CHW,131,559,517,81,164,24,12,11,67,19,9,20,37,.317,.348,.474,.821,111,245,,4,18,,3,*987/H,reynoca01
9,Marty McManus,29,DET,154,672,599,99,168,32,8,18,90,16,11,60,52,.280,.347,.451,.798,104,270,,1,12,,2,*5/6,mcmanma01
10,Sam Rice*,39,WSH,150,694,616,119,199,39,10,1,62,16,8,55,9,.323,.382,.424,.806,106,261,,4,19,,0,*9/H,ricesa01
11,Frank O'Rourke,37,SLB,154,659,585,81,147,23,9,2,62,14,7,41,28,.251,.306,.332,.637,62,194,,5,28,,0,*5/46,o'roufr01
12,Earl Averill*,27,CLE,152,680,597,110,198,43,13,18,96,13,14,63,53,.332,.398,.538,.936,136,321,,3,17,,2,*8,averiea01
13,Russ Scarritt*,26,BOS,151,593,540,69,159,26,17,1,71,13,11,34,38,.294,.337,.411,.749,94,222,,1,18,,2,*7H9/8,scarrru01
14,Lu Blue#,32,SLB,151,714,573,111,168,40,10,6,61,12,6,126,32,.293,.422,.429,.852,117,246,,2,11,,2,*3,bluelu01
15,Earle Combs*,30,NYY,142,666,586,119,202,33,15,3,65,12,7,69,32,.345,.414,.468,.881,132,274,,0,11,,1,*8/H,combsea01
16,Joe Judge*,35,WSH,143,638,543,83,171,35,8,6,71,12,5,73,33,.315,.397,.442,.839,115,240,,1,21,,1,*3/H,judgejo01
17,Willie Kamm,29,CHW,147,619,523,72,140,33,6,3,63,12,5,75,23,.268,.363,.371,.734,91,194,,3,18,,1,*5/H,kammwi01
18,Bill Barrett,29,TOT,114,439,371,57,100,23,4,3,35,11,8,53,38,.270,.365,.377,.743,94,140,,3,12,,1,*98/H57,barrebi02
19,Goose Goslin*,28,WSH,145,643,553,82,159,28,7,18,91,11,3,66,33,.288,.366,.461,.827,111,255,,2,18,,2,*7/H,gosligo01
20,Oscar Melillo,29,SLB,141,546,494,57,146,17,10,5,67,11,6,29,30,.296,.337,.401,.738,87,198,,2,19,,2,*4,melilsk01
21,Ray Gardner,27,CLE,82,296,256,28,67,3,2,1,24,10,13,29,16,.262,.337,.301,.638,63,77,,0,11,,0,6/H,gardnra01
22,Sam West*,24,WSH,142,578,510,60,136,16,8,3,75,10,8,45,41,.267,.326,.347,.673,73,177,,0,22,,1,*8/7H,westsa01
23,Jimmie Foxx,21,PHA,149,638,517,123,183,23,9,33,118,9,7,103,70,.354,.463,.625,1.088,173,323,,2,16,,5,*3/5,foxxji01
24,John Kerr,30,CHW,127,477,419,50,108,20,4,1,39,9,8,31,24,.258,.310,.332,.642,67,139,,1,26,,0,*4/H6,kerrjo01
25,Tony Lazzeri,25,NYY,147,639,545,101,193,37,11,18,106,9,10,68,45,.354,.429,.561,.991,160,306,,4,18,,1,*4,lazzeto01
26,Heinie Manush*,27,SLB,142,638,574,85,204,45,10,6,81,9,9,43,24,.355,.401,.500,.901,128,287,,1,17,,5,*7/H,manushe01
27,Alex Metzler*,26,CHW,146,658,568,80,156,23,13,2,49,9,5,80,45,.275,.367,.371,.739,92,211,,3,7,,4,*78/H,metzlal01
28,Jimmy Dykes,32,PHA,119,476,401,76,131,34,6,13,79,8,3,51,25,.327,.412,.539,.950,139,216,,7,17,,2,654/H,dykesji01
29,Fred Schulte,28,SLB,121,520,446,63,137,24,5,3,71,8,3,59,44,.307,.389,.404,.793,102,180,,1,14,,2,*8/H,schulfr02
31,Mickey Cochrane*,26,PHA,135,606,514,113,170,37,8,7,95,7,7,69,8,.331,.412,.475,.887,124,244,,2,21,,0,*2/H,cochrmi01
32,Bobby Reeves,25,BOS,140,536,460,66,114,19,2,2,28,7,8,60,57,.248,.343,.311,.654,72,143,,7,8,,0,*5/H463,reevebo01
33,Bill Regan,30,BOS,104,406,371,38,107,27,7,1,54,7,5,22,38,.288,.328,.407,.735,91,151,,0,13,,1,45/H3,reganbi01
34,Ossie Bluege,28,WSH,64,246,220,35,65,6,0,5,31,6,4,19,15,.295,.354,.391,.745,91,86,,1,6,,1,546/H,bluegos01
35,Sammy Hale,32,PHA,101,416,379,51,105,14,3,1,40,6,2,12,18,.277,.303,.338,.641,62,128,,2,23,,1,5/H4,halesa01
36,Clarence Hoffman,25,CHW,107,369,337,27,87,16,5,3,37,6,3,24,28,.258,.307,.362,.669,73,122,,0,7,,0,8H79,hoffmdu01
37,Harry Rice*,27,DET,130,613,536,97,163,33,7,6,69,6,11,61,23,.304,.379,.425,.805,107,228,,4,12,,2,*8/59H,riceha01
38,Joe Sewell*,30,CLE,152,672,578,90,182,38,3,7,73,6,6,48,4,.315,.372,.427,.800,103,247,,5,41,,2,*5,seweljo01
39,Luke Sewell,28,CLE,124,457,406,41,96,16,3,1,39,6,6,29,26,.236,.287,.298,.585,49,121,,0,22,,1,*2,sewellu01
40,Phil Todt*,27,BOS,153,592,534,49,140,38,10,4,64,6,7,31,28,.262,.305,.393,.698,81,210,,2,25,,3,*3,todtph01
41,Johnny Watwood*,23,CHW,85,308,278,33,84,12,6,2,28,6,3,22,21,.302,.355,.410,.766,98,114,,1,7,,0,89/H7,watwojo01
42,Dale Alexander,26,DET,155,701,626,110,215,43,15,25,137,5,9,56,63,.343,.397,.580,.977,148,363,,0,18,,2,*3,alexada01
43,Moe Berg,27,CHW,107,384,352,32,101,7,0,0,47,5,1,17,16,.287,.323,.307,.630,64,108,,2,12,,3,*2/H,bergmo01
44,Joe Cronin,22,WSH,145,601,494,72,139,29,8,8,61,5,9,85,37,.281,.388,.421,.809,107,208,,1,21,,2,*6/H4,cronijo01
45,Harry Heilmann,34,DET,125,519,453,86,156,41,7,15,120,5,6,50,39,.344,.412,.565,.977,149,256,,2,14,,2,*9H/3,heilmha01
46,Bill Hunnefield#,30,CHW,47,135,127,13,23,5,0,0,9,5,2,7,3,.181,.224,.220,.444,16,28,,0,1,,0,4H/56,hunnebi01
47,Red Kress,24,SLB,147,628,557,82,170,38,4,9,107,5,8,52,54,.305,.366,.436,.802,103,243,,1,17,,0,*6/H,kressre01
48,Frank McGowan*,27,SLB,125,525,441,62,112,26,6,2,51,5,2,61,34,.254,.346,.354,.700,78,156,,1,21,,1,*98/H,mcgowbe01
49,Babe Ruth*,34,NYY,135,587,499,121,172,26,6,46,154,5,3,72,60,.345,.430,.697,1.128,193,348,,3,13,,5,*97/H,ruthba01
50,Bill Dickey*,22,NYY,130,474,447,60,145,30,6,10,65,4,6,14,16,.324,.346,.485,.832,117,217,,1,11,,4,*2H,dickebi01
51,Bibb Falk*,30,CLE,125,489,426,65,133,30,7,13,93,4,4,42,14,.312,.374,.507,.881,122,216,,0,20,,1,*97H,falkbi01
52,Lou Gehrig*,26,NYY,154,694,553,127,166,32,10,35,125,4,3,122,68,.300,.431,.584,1.015,166,323,,5,12,,9,*3,gehrilo01
53,Jackie Hayes,22,WSH,123,468,424,52,117,20,3,2,57,4,5,24,29,.276,.316,.351,.668,71,149,,1,19,,2,54/H6,hayesja02
54,Lyn Lary,23,NYY,80,269,236,48,73,9,2,5,26,4,1,24,15,.309,.380,.428,.808,113,101,,3,5,,0,56H/4,laryly01
55,Ed Morgan,25,CLE,93,360,318,60,101,19,10,3,37,4,3,37,24,.318,.392,.469,.861,118,149,,2,3,,0,9H/7,morgaed01
56,Bill Narleski,29,BOS,96,292,260,30,72,16,1,0,25,4,4,21,22,.277,.333,.346,.679,77,90,,1,9,,1,64H/5,narlebi01
57,Hal Rhyne,30,BOS,120,388,346,41,87,24,5,0,38,4,1,25,14,.251,.309,.350,.659,71,121,,4,12,,1,*6/H59,rhyneha01
58,Art Shires*,22,CHW,100,393,353,41,110,20,7,3,41,4,5,32,20,.312,.370,.433,.804,108,153,,1,6,,2,3H/4,shirear01
59,Al Simmons,27,PHA,143,629,581,114,212,41,9,34,157,4,3,31,38,.365,.398,.642,1.040,159,373,,1,16,,8,*7/H,simmoal01
60,Bob Barrett,30,BOS,68,140,126,15,34,10,0,0,19,3,1,10,6,.270,.324,.349,.673,75,44,,0,4,,1,H5/347,barrebo01
61,Bud Clancy*,28,CHW,92,319,290,36,82,14,6,3,45,3,1,16,19,.283,.320,.403,.724,87,117,,0,12,,2,3H,clancbu01
62,Leo Durocher,23,NYY,106,385,341,53,84,4,5,0,32,3,1,34,33,.246,.320,.287,.607,62,98,,3,7,,0,64/H,durocle01
63,Cedric Durst*,32,NYY,92,223,202,32,52,3,3,4,31,3,2,15,25,.257,.309,.361,.670,76,73,,0,5,,0,7H9/83,durstce01
64,Bob Fothergill,31,DET,115,293,277,41,98,24,9,6,62,3,1,11,11,.354,.378,.570,.949,141,158,,0,5,,0,H79,fothebo01
65,Johnny Hodapp,23,CLE,90,316,294,30,96,12,7,4,51,3,3,15,14,.327,.361,.456,.817,106,134,,1,6,,2,4H,hodapjo01
66,Dick Porter*,27,CLE,71,214,192,26,63,16,5,1,24,3,5,17,14,.328,.386,.479,.865,119,92,,1,4,,1,H94/7,portedi01
67,Gene Robertson*,29,NYY,90,347,309,45,92,15,6,0,35,3,3,28,6,.298,.358,.385,.743,96,119,,1,9,,0,5H,roberge01
68,Heinie Schuble,22,DET,92,283,258,35,60,11,7,2,28,3,2,19,23,.233,.288,.353,.640,64,91,,1,5,,0,6/H5,schubhe01
69,Bill Akers,24,DET,24,98,83,15,22,4,1,1,9,2,0,10,9,.265,.351,.373,.725,87,31,,1,4,,0,6,akersbi01
70,Charlie Berry,26,BOS,77,229,207,19,50,11,4,1,21,2,6,15,29,.242,.302,.348,.650,69,72,,3,4,,0,2/H,berrych02
71,Buck Crouse*,32,CHW,45,119,107,11,29,7,0,2,12,2,0,5,7,.271,.316,.393,.708,83,42,,2,3,,1,2/H,crousbu01
72,Ira Flagstead,35,TOT,32,90,75,14,18,3,0,0,12,2,3,9,6,.240,.321,.280,.601,57,21,,0,6,,0,78H,flagsir01
73,Pinky Hargrave#,33,DET,76,210,185,26,61,12,0,3,26,2,2,20,24,.330,.401,.443,.844,117,82,,2,3,,3,2H,hargrpi01
74,Charlie Jamieson*,36,CLE,102,423,364,56,106,22,1,0,26,2,13,50,12,.291,.378,.357,.735,88,130,,1,7,,0,7/H,jamiech01
75,Earl McNeely,31,SLB,69,255,230,27,56,8,1,1,18,2,1,7,13,.243,.272,.300,.572,45,69,,2,15,,0,97/H8,mcneeea01
76,Bob Meusel,32,NYY,100,414,391,46,102,15,3,10,57,2,5,17,42,.261,.292,.391,.683,79,153,,0,5,,0,79/H,meusebo01
77,Jake Miller*,31,CLE,29,82,75,6,15,1,0,0,3,2,0,0,10,.200,.200,.213,.413,5,16,,0,7,,0,1,milleja02
78,Merv Shea,28,DET,50,182,162,23,47,6,0,3,24,2,1,19,18,.290,.365,.383,.747,93,62,,0,1,,0,2/H,sheame01
79,Bennie Tate*,27,WSH,81,289,265,26,78,12,3,0,30,2,6,16,8,.294,.335,.362,.697,79,96,,0,8,,1,2/H,tatebe01
80,Grady Adkins,32,CHW,37,52,46,6,11,3,2,0,1,1,0,4,10,.239,.300,.391,.691,78,18,,0,1,,0,1/H,adkingr01
81,Red Badgro*,26,SLB,54,168,148,27,42,12,0,1,18,1,0,11,15,.284,.342,.385,.727,84,57,,2,7,,0,9H,badgrre01
82,Red Barnes*,25,WSH,72,143,130,16,26,5,2,1,15,1,0,13,12,.200,.273,.292,.565,45,38,,0,0,,0,H8/79,barnere01
83,Elliot Bigelow*,31,BOS,100,241,211,23,60,16,0,1,26,1,4,23,18,.284,.357,.374,.732,91,79,,1,5,,2,9H/78,bigelel01
84,Max Bishop*,29,PHA,129,617,475,102,110,19,6,3,36,1,4,128,44,.232,.398,.316,.713,83,150,,3,10,,0,*4,bishoma01
85,Joe Boley,32,PHA,91,336,303,36,76,17,6,2,47,1,0,24,16,.251,.310,.366,.676,71,111,,2,7,,3,6/H5,boleyjo01
86,Lloyd Brown*,24,WSH,40,62,50,8,11,1,1,0,4,1,0,9,13,.220,.350,.280,.630,63,14,,1,2,,0,1,brownll01
87,George Burns,36,TOT,38,61,58,5,13,5,0,1,11,1,0,2,7,.224,.250,.362,.612,54,21,,0,1,,0,H3,burnsge02
88,Samuel Byrd,21,NYY,62,202,170,32,53,12,0,5,28,1,4,28,18,.312,.409,.471,.880,132,80,,0,4,,0,98H/7,byrdsa01
89,Rick Ferrell,23,SLB,64,181,144,21,33,6,1,0,20,1,2,32,10,.229,.373,.285,.658,70,41,,1,4,,0,2H,ferreri01
90,Wes Ferrell,21,CLE,47,102,93,12,22,5,3,1,12,1,0,6,28,.237,.283,.387,.670,69,36,,0,3,,0,1/H,ferrewe01
91,Alex Gaston,36,BOS,55,127,116,14,26,5,2,2,9,1,0,6,8,.224,.262,.353,.616,59,41,,0,5,,1,2/H,gastoal01
92,Wally Gerber,37,BOS,61,105,91,6,15,3,1,0,5,1,0,8,12,.165,.232,.220,.452,18,20,,0,6,,0,64H,gerbewa01
93,Johnny Grabowski,29,NYY,22,64,59,4,12,1,0,0,2,1,0,3,6,.203,.242,.220,.462,23,13,,0,2,,0,2,grabojo01
94,Bucky Harris,32,DET,7,14,11,3,1,0,0,0,0,1,0,2,2,.091,.231,.091,.322,-14,1,,0,1,,0,/4H6,harribu01
95,Spence Harris*,28,WSH,6,16,14,1,3,1,0,0,1,1,0,0,3,.214,.214,.286,.500,27,4,,0,1,,0,/8H,harrisp01
96,Dutch Henry*,27,CHW,2,9,7,3,1,0,0,0,1,1,0,2,0,.143,.333,.143,.476,28,1,,0,0,,0,/1,henrydu01
97,Johnnie Heving,33,BOS,76,200,188,26,60,4,3,0,23,1,2,8,7,.319,.354,.372,.726,89,70,,2,2,,1,2H,hevinjo01
98,Willis Hudlin,23,CLE,40,107,97,5,19,3,0,0,4,1,0,1,18,.196,.212,.227,.439,12,22,,1,8,,0,1,hudliwi01
99,Sad Sam Jones,36,WSH,28,64,51,6,8,1,1,0,3,1,0,8,15,.157,.283,.216,.499,30,11,,1,3,,0,1/H,jonessa01
100,Mark Koenig#,24,NYY,116,400,373,44,109,27,5,3,41,1,1,23,17,.292,.335,.416,.751,97,155,,1,3,,3,65H/4,koenima01
101,Clyde Manion,32,SLB,35,128,111,16,27,2,0,0,11,1,0,15,3,.243,.333,.261,.595,53,29,,0,2,,0,2/H,maniocl01
102,Eric McNair,20,PHA,4,8,8,2,4,1,0,0,3,1,0,0,0,.500,.500,.625,1.125,183,5,,0,0,,0,/6H,mcnaier01
103,Johnny Mostil,33,CHW,12,42,35,4,8,3,0,0,3,1,1,6,2,.229,.341,.314,.656,71,11,,0,1,,0,8/H9,mostijo01
104,Ben Paschal,33,NYY,42,82,72,13,15,3,0,2,11,1,2,6,3,.208,.269,.333,.603,58,24,,0,3,,0,H7/98,paschbe01
105,Buck Redfern,27,CHW,21,49,46,0,6,0,0,0,3,1,1,3,3,.130,.184,.130,.314,-17,6,,0,0,,0,4/56H,redfebu01
106,Nolen Richardson,26,DET,13,24,21,2,4,0,0,0,2,1,1,2,1,.190,.261,.190,.451,18,4,,0,1,,0,6,richano01
107,Wally Schang#,39,SLB,94,334,249,43,59,10,5,5,36,1,4,74,22,.237,.424,.378,.802,105,94,,7,4,,8,2H,schanwa01
108,John Stone*,23,DET,51,163,150,23,39,11,2,2,15,1,1,11,13,.260,.311,.400,.711,82,60,,0,2,,0,7H/89,stonejo01
109,Homer Summa*,30,PHA,37,88,81,12,22,4,0,0,10,1,1,2,1,.272,.298,.321,.619,57,26,,1,4,,0,9H/7,summaho01
110,Jackie Tavener*,31,CLE,92,292,250,25,53,9,4,2,27,1,4,26,28,.212,.289,.304,.593,51,76,,1,15,,0,6/H,tavenja01
111,Ken Williams*,39,BOS,74,161,139,21,48,14,2,3,21,1,5,15,7,.345,.409,.540,.949,145,75,,0,7,,1,H87/39,willike01
112,Yats Wuestling,25,DET,54,167,150,13,30,4,1,0,16,1,3,9,24,.200,.250,.240,.490,27,36,,1,7,,0,6/H45,wuestya01
113,Nick Altrock#,52,WSH,1,1,1,0,1,0,0,0,0,0,0,0,0,1.000,1.000,1.000,2.000,414,1,,0,0,,0,/H9,altroni01
114,Casper Asbjornson,20,BOS,17,30,29,1,3,0,0,0,0,0,0,1,6,.103,.133,.103,.237,-37,3,,0,0,,0,2/H,asbjoca01
115,Jimmy Austin#,49,SLB,1,1,1,0,0,0,0,0,0,0,0,0,1,.000,.000,.000,.000,-100,0,,0,0,,0,/5,austiji01
116,Martin Autry,26,CHW,43,100,96,7,20,6,0,1,12,0,0,1,8,.208,.224,.302,.527,35,29,,1,2,,1,2H,autrych02
117,Frank Barnes*,29,DET,4,1,1,0,0,0,0,0,0,0,0,0,0,.000,.000,.000,.000,-100,0,,0,0,,0,/1,barnefr01
118,Bill Bayne*,30,BOS,27,27,25,2,8,1,1,0,1,0,0,1,3,.320,.346,.440,.786,103,11,,0,1,,0,1,baynebi01
119,Walter Beall,29,WSH,3,3,3,0,0,0,0,0,0,0,0,0,3,.000,.000,.000,.000,-100,0,,0,0,,0,/1,beallwa01
120,Benny Bengough,30,NYY,23,62,62,5,12,2,1,0,7,0,0,0,2,.194,.194,.258,.452,18,16,,0,0,,0,2,bengobe01
121,Josh Billings,21,DET,8,7,6,0,0,0,0,0,0,0,0,1,1,.000,.143,.000,.143,-60,0,,0,0,,0,/1,billijo02
122,Lena Blackburne,42,CHW,1,0,0,0,0,0,0,0,0,0,0,0,0,,,,,,0,,0,0,,0,/1,blackle01
123,George Blaeholder,25,SLB,42,83,74,6,9,1,0,1,6,0,0,6,14,.122,.188,.176,.363,-7,13,,0,2,,0,1,blaehge01
124,Ted Blankenship,28,CHW,8,4,4,0,1,0,0,0,0,0,0,0,2,.250,.250,.250,.500,30,1,,0,0,,0,/1,blankte01
125,Harley Boss*,20,WSH,28,68,66,9,18,2,1,0,6,0,0,2,6,.273,.294,.333,.627,60,22,,0,0,,0,3H,bossha01
126,Herb Bradley,26,BOS,3,1,1,0,0,0,0,0,0,0,0,0,0,.000,.000,.000,.000,-100,0,,0,0,,0,/1,bradlhe01
127,Otis Brannan*,30,SLB,23,58,51,4,15,1,0,1,8,0,0,4,4,.294,.345,.373,.718,83,19,,0,3,,0,4/H,brannot01
128,Garland Braxton#,29,WSH,37,66,54,5,8,4,0,0,4,0,0,6,13,.148,.246,.222,.468,21,12,,1,5,,0,1,braxtga01
129,Bill Breckinridge,21,PHA,3,4,4,0,0,0,0,0,0,0,0,0,1,.000,.000,.000,.000,-100,0,,0,0,,0,/1,breckbi01
130,Clint Brown*,25,CLE,3,7,7,1,0,0,0,0,0,0,0,0,0,.000,.000,.000,.000,-100,0,,0,0,,0,/1,browncl01
131,Bobby Burke*,22,WSH,37,51,43,2,6,1,0,0,4,0,0,1,10,.140,.159,.163,.322,-17,7,,0,7,,0,1,burkebo01
132,Johnny Burnett*,24,CLE,19,35,33,2,5,1,0,0,2,0,0,1,2,.152,.200,.182,.382,-2,6,,1,0,,0,6/4H,burnejo01
133,Jerry Byrne,22,CHW,3,2,2,0,0,0,0,0,0,0,0,0,0,.000,.000,.000,.000,-100,0,,0,0,,0,/1,byrneje01
134,Archie Campbell,25,WSH,4,0,0,0,0,0,0,0,0,0,0,0,0,,,,,,0,,0,0,,0,/1,campbar01
135,Ed Carroll,21,BOS,24,20,16,2,1,0,0,0,2,0,0,0,3,.063,.063,.063,.125,-67,1,,0,3,,0,1/H,carroed01
136,Ownie Carroll,26,DET,37,81,74,9,17,2,2,0,11,0,0,4,4,.230,.278,.311,.589,51,23,,1,2,,0,1/H,carroow01
137,Joe Cicero,18,BOS,10,32,32,6,10,2,2,0,4,0,0,0,2,.313,.313,.500,.813,108,16,,0,0,,0,/8H7,cicerjo01
138,Herb Cobb,24,SLB,1,0,0,0,0,0,0,0,0,0,0,0,0,,,,,,0,,0,0,,0,/1,cobbhe01
139,Dick Coffman,22,SLB,27,8,7,0,0,0,0,0,0,0,0,0,0,.000,.000,.000,.000,-100,0,,0,0,,0,1,coffmdi01
140,Eddie Collins*,42,PHA,9,9,7,0,0,0,0,0,0,0,0,2,0,.000,.222,.000,.222,-39,0,,0,0,,1,/H,collied01
141,Rip Collins,33,SLB,26,66,62,9,17,6,0,1,5,0,0,3,17,.274,.308,.419,.727,83,26,,0,1,,0,1,colliri01
142,Sarge Connally,30,CHW,11,0,0,0,0,0,0,0,0,0,0,0,0,,,,,,0,,0,0,,0,1,connasa01
143,Ed Connolly,20,BOS,5,8,8,0,0,0,0,0,0,0,0,0,2,.000,.000,.000,.000,-100,0,,0,0,,0,/2,connoed01
144,Doc Cramer*,23,PHA,2,6,6,0,0,0,0,0,0,0,0,0,2,.000,.000,.000,.000,-100,0,,0,0,,0,/7H,cramedo01
145,Jim Cronin#,23,PHA,25,63,56,7,13,2,1,0,4,0,0,5,7,.232,.295,.304,.599,52,17,,0,2,,0,4/65H,croniji01
146,General Crowder*,30,SLB,40,99,96,6,18,4,0,0,5,0,0,2,11,.188,.204,.229,.433,10,22,,0,1,,0,1,crowdal01
147,Ray Dobens*,22,BOS,11,9,8,0,3,0,0,0,1,0,0,0,0,.375,.375,.375,.750,96,3,,0,1,,0,1,dobenra01
148,Len Dondero,25,SLB,19,36,31,2,6,0,0,1,8,0,0,0,4,.194,.194,.290,.484,21,9,,0,4,,0,5/H4,dondele01
149,Dan Dugan*,22,CHW,19,21,20,1,3,1,0,0,3,0,0,0,7,.150,.150,.200,.350,-10,4,,0,1,,0,1,duganda01
150,Ed Durham*,21,BOS,14,5,4,0,0,0,0,0,0,0,0,1,1,.000,.200,.000,.200,-44,0,,0,0,,0,1,durhaed01
151,George Earnshaw,29,PHA,44,100,87,6,15,2,0,1,10,0,0,2,21,.172,.200,.230,.430,9,20,,1,10,,0,1,earnsge01
152,Howard Ehmke,35,PHA,11,19,19,0,2,1,0,0,0,0,0,0,2,.105,.105,.158,.263,-34,3,,0,0,,0,1,ehmkeho01
153,Oscar Estrada*,27,SLB,1,0,0,0,0,0,0,0,0,0,0,0,0,,,,,,0,,0,0,,0,/1,estraos01
154,Red Faber#,40,CHW,31,90,78,8,10,2,0,1,5,0,0,8,24,.128,.209,.192,.402,5,15,,0,4,,0,1,faberre01
155,Walt French*,29,PHA,45,51,45,7,12,1,0,1,9,0,0,2,3,.267,.298,.356,.653,65,16,,0,2,,0,H/798,frencwa01
156,Liz Funk*,24,NYY,1,0,0,0,0,0,0,0,0,0,0,0,0,,,,,,0,,0,0,,0,/H,funkli01
157,Milt Gaston,33,BOS,39,89,78,3,15,3,0,1,5,0,0,6,19,.192,.259,.269,.528,38,21,,1,4,,0,1,gastomi01
158,Patsy Gharrity,37,WSH,3,3,2,0,0,0,0,0,0,0,0,1,2,.000,.333,.000,.333,-7,0,,0,0,,0,/H,gharrpa01
159,Grant Gillis,28,BOS,28,83,73,5,18,4,0,0,11,0,1,6,8,.247,.304,.301,.605,58,22,,0,4,,0,4/H,gilligr01
160,Charlie Gooch,27,WSH,39,64,57,6,16,2,1,0,5,0,1,7,8,.281,.359,.351,.710,83,20,,0,0,,0,H/356,goochch01
161,Kyle Graham,29,DET,13,19,19,1,2,0,0,1,1,0,0,0,6,.105,.105,.263,.368,-8,5,,0,0,,0,1,grahask01
162,George Grant,26,CLE,12,2,2,0,0,0,0,0,0,0,0,0,0,.000,.000,.000,.000,-100,0,,0,0,,0,1,grantge02
163,Sam Gray,31,SLB,43,118,103,8,19,4,1,0,13,0,0,6,18,.184,.229,.243,.472,20,25,,0,9,,0,1,graysa01
164,Lefty Grove*,29,PHA,42,116,102,13,22,3,0,1,15,0,0,6,33,.216,.259,.275,.534,35,28,,0,8,,0,1,grovele01
165,Mule Haas*,25,PHA,139,656,578,115,181,41,9,16,82,0,4,34,38,.313,.356,.498,.854,114,288,,4,40,,0,*8/7,haasmu01
166,Bump Hadley,24,WSH,37,74,62,6,6,0,0,0,2,0,0,7,15,.097,.188,.097,.285,-25,6,,0,4,,0,1,hadlebu01
167,Mel Harder,19,CLE,11,1,1,0,0,0,0,0,0,0,0,0,1,.000,.000,.000,.000,-100,0,,0,0,,0,1,hardeme01
168,Grover Hartley,40,CLE,24,35,33,2,9,0,1,0,8,0,0,2,1,.273,.314,.333,.648,65,11,,0,0,,0,2H,hartlgr01
169,Joe Hassler,24,PHA,4,4,4,1,0,0,0,0,0,0,0,0,2,.000,.000,.000,.000,-100,0,,0,0,,0,/H6,hassljo01
170,Joe Hauser*,30,CLE,37,56,48,8,12,1,1,3,9,0,0,4,8,.250,.321,.500,.821,106,24,,1,0,,0,H/3,hausejo01
171,Ray Hayworth,25,DET,14,47,43,5,11,0,0,0,4,0,0,3,8,.256,.304,.256,.560,46,11,,0,1,,0,2,haywora01
172,Fred Heimach*,28,NYY,36,53,49,5,9,2,0,1,2,0,0,3,12,.184,.231,.286,.516,36,14,,0,0,,0,1/H,heimafr01
173,Art Herring,23,DET,4,14,14,2,3,2,1,0,3,0,0,0,1,.214,.214,.500,.714,78,7,,0,0,,0,/1,herriar01
174,Elon Hogsett*,25,DET,4,10,10,0,2,0,0,0,0,0,0,0,2,.200,.200,.200,.400,3,2,,0,0,,0,/1,hogsech01
175,Ken Holloway,31,CLE,25,42,41,1,7,2,0,0,1,0,0,1,3,.171,.190,.220,.410,4,9,,0,0,,0,1,holloke01
176,Paul Hopkins,24,TOT,9,3,3,0,0,0,0,0,0,0,0,0,3,.000,.000,.000,.000,-100,0,,0,0,,0,/1,hopkipa01
177,Waite Hoyt,29,NYY,30,85,76,9,17,4,1,0,6,0,0,1,11,.224,.234,.303,.536,41,23,,0,8,,0,1,hoytwa01
178,Tom Jenkins*,31,SLB,21,26,22,1,4,0,1,0,0,0,0,4,8,.182,.308,.273,.580,49,6,,0,0,,0,H/9,jenkito01
179,Dan Jessee*,28,CLE,1,0,0,0,0,0,0,0,0,0,0,0,0,,,,,,0,,0,0,,0,/H,jesseda01
180,Hank Johnson,23,NYY,13,16,14,2,1,1,0,0,3,0,0,0,4,.071,.071,.143,.214,-45,2,,0,2,,0,1/H,johnsha01
181,Arndt Jorgens,24,NYY,18,41,34,6,11,3,0,0,4,0,0,6,7,.324,.425,.412,.837,122,14,,0,1,,0,2/H,jorgear01
182,Chad Kimsey*,22,SLB,29,32,30,6,8,2,0,2,4,0,0,1,8,.267,.290,.533,.824,105,16,,0,1,,0,1/H,kimsech01
183,Doc Land*,26,WSH,1,4,3,0,0,0,0,0,0,0,0,1,0,.000,.250,.000,.250,-31,0,,0,0,,0,/8,landdo01
184,Bevo LeBourveau*,32,PHA,12,22,16,1,5,0,1,0,2,0,1,5,1,.313,.476,.438,.914,133,7,,0,1,,0,H/89,leboube01
185,Carl Lind,25,CLE,66,249,225,19,54,8,1,0,13,0,2,13,17,.240,.282,.284,.566,44,64,,0,11,,1,4/5H,lindca01
186,Horace Lisenbee,30,BOS,5,2,2,0,0,0,0,0,0,0,0,0,0,.000,.000,.000,.000,-100,0,,0,0,,0,/1,lisenho01
187,Ad Liska,22,WSH,24,32,29,1,5,0,0,0,0,0,0,2,8,.172,.250,.172,.422,10,5,,1,0,,0,1,liskaad01
188,Ted Lyons#,28,CHW,40,104,91,7,20,4,0,0,11,0,0,9,13,.220,.290,.264,.554,45,24,,0,4,,0,1/H9,lyonste01
189,Danny MacFayden,24,BOS,32,80,74,6,13,2,0,0,2,0,0,2,21,.176,.197,.203,.400,4,15,,0,4,,0,1,macfada01
190,Firpo Marberry,30,WSH,49,92,81,9,19,3,1,0,11,0,1,5,14,.235,.287,.296,.584,50,24,,1,5,,0,1,marbefi01
191,Cloy Mattox*,26,PHA,3,7,6,0,1,0,0,0,0,0,0,1,1,.167,.286,.167,.452,17,1,,0,0,,0,/2,mattocl01
192,Paul McCullough,30,WSH,3,1,1,0,0,0,0,0,0,0,0,0,1,.000,.000,.000,.000,-100,0,,0,0,,0,/1,mcculpa01
193,Hal McKain*,22,CHW,34,56,44,5,10,1,0,0,1,0,0,9,8,.227,.370,.250,.620,64,11,,1,1,,0,1,mckaiha01
194,Johnny Miljus,34,CLE,34,45,43,7,11,4,1,0,5,0,1,0,12,.256,.256,.395,.651,63,17,,0,2,,0,1,miljujo01
195,Rudy Miller,28,PHA,2,7,4,1,1,0,0,0,1,0,0,3,0,.250,.571,.250,.821,115,1,,0,0,,0,/5,milleru02
196,Jim Moore,25,CLE,2,2,2,0,0,0,0,0,0,0,0,0,0,.000,.000,.000,.000,-100,0,,0,0,,0,/1,mooreji01
197,Wilcy Moore,32,NYY,41,16,15,2,1,0,0,0,0,0,0,0,8,.067,.067,.067,.133,-65,1,,0,1,,0,1,moorewi01
198,Ed Morris,29,BOS,33,79,69,6,16,3,1,1,5,0,0,3,17,.232,.264,.348,.612,58,24,,0,7,,0,1,morried02
199,Bud Morse*,24,PHA,8,27,27,1,2,0,0,0,0,0,0,0,2,.074,.074,.074,.148,-62,2,,0,0,,0,/4,morsebu01
200,Glenn Myatt*,31,CLE,59,141,129,14,30,4,1,1,17,0,1,7,5,.233,.277,.302,.580,47,39,,1,4,,0,2H,myattgl01
201,Bots Nekola*,22,NYY,9,5,4,1,2,1,0,0,1,0,0,0,1,.500,.500,.750,1.250,226,3,,0,1,,0,/1,nekolbo01
202,Jack Ogden,31,SLB,34,50,45,4,11,1,0,0,7,0,0,3,9,.244,.292,.267,.558,43,12,,0,2,,0,1,ogdenja01
203,Ossie Orwoll*,28,PHA,30,53,51,6,13,2,1,0,6,0,0,2,11,.255,.283,.333,.616,56,17,,0,0,,0,1H/87,orwolos01
204,Phil Page,23,DET,10,8,8,0,1,0,0,0,1,0,0,0,0,.125,.125,.125,.250,-35,1,,0,0,,0,1,pageph01
205,Herb Pennock#,35,NYY,27,61,51,4,9,0,0,0,1,0,0,4,6,.176,.236,.176,.413,11,9,,0,6,,0,1,pennohe01
206,Cy Perkins,33,PHA,38,84,76,4,16,4,0,0,9,0,0,5,4,.211,.259,.263,.522,33,20,,0,3,,1,2/H,perkicy01
207,Eddie Phillips,28,DET,68,250,221,24,52,13,1,2,21,0,1,20,16,.235,.302,.330,.632,63,73,,1,7,,0,2/H,philled01
208,George Pipgras,29,NYY,39,93,84,6,12,2,0,0,5,0,0,5,19,.143,.191,.167,.358,-5,14,,0,4,,0,1,pipgrge01
209,Augie Prudhomme,26,DET,34,24,21,2,5,2,0,0,0,0,0,3,8,.238,.333,.333,.667,72,7,,0,0,,0,1,prudhau01
210,Jack Quinn,45,PHA,35,64,60,2,8,2,0,0,3,0,0,0,20,.133,.133,.167,.300,-24,10,,0,4,,0,1,quinnja01
211,Gordon Rhodes,21,NYY,10,14,10,0,3,0,0,0,0,0,0,1,5,.300,.364,.300,.664,77,3,,0,3,,0,1,rhodego01
212,Ed Roetz,23,SLB,16,52,45,7,11,4,1,0,5,0,0,4,6,.244,.306,.378,.684,73,17,,0,2,,0,/6345,roetzed01
213,Eddie Rommel,31,PHA,32,45,39,2,8,1,0,0,4,0,0,2,7,.205,.244,.231,.475,21,9,,0,4,,0,1,rommeed01
214,Muddy Ruel,33,WSH,69,225,188,16,46,4,2,0,20,0,5,31,7,.245,.352,.287,.639,66,54,,0,5,,4,2/H,ruelmu01
215,Red Ruffing,24,BOS,60,121,114,9,35,9,0,2,17,0,0,2,13,.307,.325,.439,.763,97,50,,1,3,,0,1H/7,ruffire01
216,Jack Russell,23,BOS,37,80,70,5,9,0,0,0,2,0,0,5,22,.129,.187,.129,.315,-16,9,,0,5,,0,1/H,russeja01
217,Jack Ryan,24,BOS,2,3,3,0,0,0,0,0,0,0,0,0,0,.000,.000,.000,.000,-100,0,,0,0,,0,/7H9,ryanja03
218,Don Savidge,20,WSH,3,0,0,0,0,0,0,0,0,0,0,0,0,,,,,,0,,0,0,,0,/1,saviddo01
219,Joe Shaute*,29,CLE,26,65,58,4,17,5,0,0,7,0,0,2,11,.293,.317,.379,.696,76,22,,0,5,,0,1,shautjo01
220,Roy Sherid,22,NYY,33,57,50,1,9,1,0,0,5,0,0,4,19,.180,.241,.200,.441,18,10,,0,3,,0,1,sheriro01
221,Milt Shoffner*,23,CLE,11,15,15,1,0,0,0,0,0,0,0,0,2,.000,.000,.000,.000,-100,0,,0,0,,0,1,shoffmi01
222,Bill Shores,25,PHA,39,52,40,5,5,0,0,0,0,0,0,6,16,.125,.239,.125,.364,-5,5,,0,6,,0,1,shorebi01
223,Frank Sigafoos,25,TOT,21,36,26,4,5,1,0,0,3,0,2,7,5,.192,.364,.231,.594,56,6,,0,2,,0,/456H,sigaffr01
224,Pat Simmons,20,BOS,2,1,1,0,0,0,0,0,0,0,0,0,0,.000,.000,.000,.000,-100,0,,0,0,,0,/1,simmopa01
225,George Smith,27,DET,14,15,12,3,5,1,0,0,2,0,0,2,1,.417,.500,.500,1.000,158,6,,0,0,,0,1,smithge03
226,Vic Sorrell,28,DET,36,88,83,9,12,1,0,0,6,0,0,1,28,.145,.155,.157,.311,-20,13,,0,4,,0,1,sorrevi01
227,Roy Spencer,29,WSH,50,130,116,18,18,4,0,1,9,0,0,8,15,.155,.222,.216,.438,13,25,,2,4,,1,2H,spencro01
228,Jerry Standaert,27,BOS,19,21,18,1,3,2,0,0,4,0,0,3,2,.167,.286,.278,.563,47,5,,0,0,,0,H3,standje01
229,Lefty Stewart,28,SLB,23,58,51,3,6,3,0,0,8,0,0,1,13,.118,.135,.176,.311,-22,9,,0,6,,0,1,stewale01
230,Stuffy Stewart,35,WSH,22,7,6,10,0,0,0,0,0,0,1,1,0,.000,.143,.000,.143,-60,0,,0,0,,0,H/4,stewast01
231,Fred Stiely*,28,SLB,1,3,3,1,2,1,0,0,0,0,0,0,0,.667,.667,1.000,1.667,318,3,,0,0,,0,/1,stielfr01
232,Lil Stoner,30,DET,24,15,15,0,1,0,0,0,0,0,0,0,3,.067,.067,.067,.133,-66,1,,0,0,,0,1,stoneli01
233,Ed Strelecki,24,SLB,7,2,2,1,0,0,0,0,0,0,0,0,1,.000,.000,.000,.000,-100,0,,0,0,,0,/1,streled01
234,Karl Swanson*,28,CHW,2,2,1,0,0,0,0,0,0,0,0,0,0,.000,.000,.000,.000,-100,0,,0,0,,0,/H,swanska01
235,Doug Taitt*,26,TOT,73,211,189,17,39,11,0,0,18,0,1,16,18,.206,.272,.265,.536,40,50,,1,4,,1,9H7,taittdo01
236,Myles Thomas,31,TOT,27,58,55,6,15,1,0,0,4,0,0,2,6,.273,.298,.291,.589,52,16,,0,1,,0,1,thomamy01
237,Tommy Thomas,29,CHW,37,104,98,9,25,4,0,0,10,0,0,5,14,.255,.291,.296,.587,53,29,,0,1,,0,1/H,thomato02
238,George Uhle,30,DET,40,116,108,18,37,1,1,0,13,0,0,6,6,.343,.377,.370,.748,93,40,,0,2,,0,1/H,uhlege01
239,Elam Vangilder,33,DET,6,1,1,0,0,0,0,0,0,0,0,0,0,.000,.000,.000,.000,-100,0,,0,0,,0,/1,vangiel01
240,Rube Walberg*,32,PHA,40,112,103,11,23,2,0,1,11,0,0,3,17,.223,.245,.272,.517,31,28,,0,6,,0,1,walberu01
241,Ed Walsh,24,CHW,25,48,43,5,10,2,1,0,6,0,0,3,9,.233,.298,.326,.623,62,14,,1,1,,0,1/H,walshed02
242,Bob Weiland*,23,CHW,15,21,18,0,2,0,0,0,0,0,0,2,10,.111,.200,.111,.311,-17,2,,0,1,,0,1,weilabo01
243,Ed Wells*,29,NYY,31,84,74,8,17,0,0,0,7,0,0,6,8,.230,.296,.230,.526,41,17,,1,3,,0,1,wellsed01
244,Julie Wera,27,NYY,5,14,12,1,5,0,0,0,2,0,0,1,1,.417,.462,.417,.878,133,5,,0,1,,0,/5H,weraju01
245,Earl Whitehill*,30,DET,38,100,90,10,23,2,0,3,11,0,0,6,17,.256,.302,.378,.680,74,34,,0,4,,0,1,whiteea01
246,Ed Wineapple*,23,WSH,1,2,2,0,0,0,0,0,0,0,0,0,1,.000,.000,.000,.000,-100,0,,0,0,,0,/1,wineaed01
247,Larry Woodall,34,DET,1,1,1,0,0,0,0,0,0,0,0,0,0,.000,.000,.000,.000,-100,0,,0,0,,0,/H,woodala01
248,Whit Wyatt,21,DET,4,10,10,0,1,0,0,0,0,0,0,0,1,.100,.100,.100,.200,-48,1,,0,0,,0,/1,wyattwh01
249,Emil Yde#,29,DET,46,52,48,8,16,1,1,0,3,0,0,3,6,.333,.373,.396,.768,98,19,,0,1,,0,1H/8,ydeem01
250,Carroll Yerkes,26,PHA,19,11,10,1,0,0,0,0,0,0,0,0,4,.000,.000,.000,.000,-100,0,,0,0,,0,1,yerkeca01
251,Tom Zachary*,33,NYY,26,49,42,3,10,1,0,0,5,0,0,1,8,.238,.273,.262,.535,42,11,,1,5,,0,1,zachato01
252,Jimmy Zinn*,34,CLE,20,51,42,7,16,4,1,1,8,0,0,4,2,.381,.447,.595,1.042,163,25,,1,3,,0,1/H,zinnji01